Number of nodes,Average of 3 runs
5,43.63333333333333
10,46.46666666666667
15,51.300000000000004
20,58.800000000000004
25,69.73333333333333
30,85.13333333333333
35,106.80000000000001
40,137.6
45,180.26666666666665
50,241.5
